hhsize,able,rec_attended_school,rec_age,dist_food_market,imp_dich,future1yr,asst_idx,lvstk_idx,prod_idx,any_savings,qsn,HF1,HF2,HF3
7,2,,30,,Willing to wait at least once,0,.90538418,.27871555,.71846193,0,86,0,0,0
8,3,,38,,Willing to wait at least once,0,.58656758,.41384095,.89744425,0,90,0,0,0
7,2,,25,,Never willing to wait,1,.21423963,.27871555,.60697192,1,92,0,0,1
6,2,,32,,Willing to wait at least once,1,.14779887,0,.60697192,0,93,0,0,0
9,4,,39,,Willing to wait at least once,0,1.0709597,.47868326,1.2078197,1,95,0,0,0
8,1,,47,,Willing to wait at least once,0,.21423963,.33774942,.62360156,0,100,0,0,0
8,1,,39,,Willing to wait at least once,1,.33518511,.96686405,.71846193,1,101,1,1,0
9,2,,36,,Never willing to wait,1,.53517997,.67513299,1.1985822,1,112,0,0,0
8,1,,43,,Willing to wait at least once,0,.21423963,0,.81875926,0,141,0,0,0
7,2,,35,,Never willing to wait,0,.48742339,.87071228,.99343777,1,143,0,0,0
7,2,,26,,Never willing to wait,1,.14779887,.47868326,1.1985822,1,144,0,0,0
7,1,,45,,Willing to wait at least once,1,.14779887,0,.50030637,0,145,0,0,0
7,2,,30,,Willing to wait at least once,1,.66187716,1.232394,.48147386,0,146,0,0,0
3,1,,36,,Willing to wait at least once,0,1.1049581,.39349177,.9099077,1,148,0,1,0
3,0,,68,,Willing to wait at least once,1,.14779887,.21597672,.71846193,0,152,0,0,0
11,3,,37,,Never willing to wait,1,.5518105,.87674665,1.1903378,1,153,0,0,0
6,2,,31,,Willing to wait at least once,1,.27653977,.67513299,.98197877,0,156,1,1,0
6,2,,38,,Willing to wait at least once,1,.27653977,.39349177,.98197877,1,159,0,0,0
6,0,,62,,Never willing to wait,0,0,0,.50030637,0,160,0,0,0
5,1,,36,,Willing to wait at least once,1,.33518511,.30151162,.83223623,0,161,0,0,0
7,2,,33,,Willing to wait at least once,0,.92798322,1.3328513,.81875926,0,165,0,0,0
6,2,,30,,Never willing to wait,0,.40377998,.077292271,.71846193,1,167,0,0,0
4,1,,55,,Willing to wait at least once,0,.14779887,0,.60697192,0,169,1,0,1
6,2,1,20,,Willing to wait at least once,1,.74743104,1.5342921,1.1524351,0,172,0,0,0
6,2,,30,,Never willing to wait,1,.81089884,1.2269279,,1,174,0,0,1
7,2,,43,,Willing to wait at least once,0,.5630551,.79089421,.50030637,1,176,0,0,0
11,2,,35,,Willing to wait at least once,0,1.1812389,.67513299,.62360156,1,178,0,0,0
4,1,,30,,Willing to wait at least once,1,.36373544,0,.35964283,0,181,0,0,0
9,2,,34,,Never willing to wait,1,.21423963,0,,1,182,0,0,1
5,3,,32,,Willing to wait at least once,1,1.8488097,0,1.0034672,1,184,0,1,0
4,2,,40,,Willing to wait at least once,1,.21423963,0,.35964283,0,188,0,0,0
7,2,,37,,Willing to wait at least once,1,.27653977,0,1.0599209,0,194,0,0,0
3,1,1,24,,Willing to wait at least once,0,.57613456,1.0404061,.35964283,0,196,0,1,0
8,2,,38,,Willing to wait at least once,1,.68735689,.49644032,.9099077,0,200,0,0,0
9,3,,40,,Willing to wait at least once,1,1.6528798,0,1.5631322,1,203,0,0,0
4,1,,42,,Never willing to wait,0,.14779887,0,.60697192,0,206,1,0,1
3,1,,37,,Willing to wait at least once,1,.65889388,.21597672,.48147386,0,209,0,1,0
5,1,,32,,Willing to wait at least once,0,.8540768,.93014222,.80509818,1,213,0,1,0
9,3,,43,,Never willing to wait,1,1.1324258,1.2400515,1.2540766,0,214,0,0,0
4,2,1,23,,Willing to wait at least once,0,.34913072,0,.60697192,0,215,0,0,0
4,1,,38,,Willing to wait at least once,0,.21423963,1.3908581,.35964283,0,216,0,0,0
8,3,,41,,Willing to wait at least once,1,.48174194,.56800365,.71846193,0,217,0,0,0
6,2,,42,,Willing to wait at least once,1,.21423963,0,.80509818,0,218,0,0,0
7,2,,35,,Willing to wait at least once,0,.40377998,.33774942,.62360156,0,220,0,0,0
7,2,,27,,Willing to wait at least once,0,.27653977,0,.50030637,0,221,0,0,0
6,0,,56,,Willing to wait at least once,0,.27653977,.077292271,.71846193,0,222,0,0,0
3,1,,26,,Willing to wait at least once,1,.076627567,0,0,0,223,0,0,0
4,2,,27,,Willing to wait at least once,0,.86294192,.49644032,.80509818,1,224,1,0,1
9,2,,44,,Willing to wait at least once,0,.7735135,0,.71846193,0,225,0,0,0
10,2,,41,,Willing to wait at least once,1,.85462296,1.0772725,.81875926,0,226,0,0,0
7,2,,29,,Willing to wait at least once,0,.85462296,.49644032,.99343777,0,228,0,0,1
6,2,,32,,Willing to wait at least once,0,.48174194,1.4141799,.89744425,0,230,0,0,0
8,2,,29,,Willing to wait at least once,0,.45559675,0,1.2051483,0,232,0,0,0
8,3,,42,,Willing to wait at least once,1,.88938898,1.8954659,1.313995,1,233,0,0,0
8,2,,38,,Willing to wait at least once,0,1.6008769,1.4141799,1.3945791,1,234,0,0,0
3,2,,30,,Willing to wait at least once,1,1.2670068,0,.71846193,1,235,1,0,1
3,2,,50,,Never willing to wait,1,.75893569,0,1.1322248,1,236,0,1,0
8,2,,32,,Willing to wait at least once,1,.48174194,0,.48147386,0,237,0,0,0
7,2,,33,,Willing to wait at least once,1,.78445315,.96686405,.80509818,1,238,0,0,0
8,2,,31,,Willing to wait at least once,1,1.3332022,.66030329,.80509818,0,240,0,0,0
3,1,,25,,Willing to wait at least once,1,.86294192,0,.89744425,1,242,0,1,0
6,2,,28,,Never willing to wait,0,.14779887,0,.60697192,0,243,0,0,0
5,3,,40,,Willing to wait at least once,0,.55332524,0,.48147386,0,244,0,0,0
6,2,,29,,Willing to wait at least once,0,.27653977,0,.80509818,0,245,0,0,0
7,2,,37,,Never willing to wait,0,.14779887,0,.19590285,0,247,0,0,0
5,2,,30,,Never willing to wait,0,.14779887,0,.35964283,1,248,0,0,0
5,2,,36,,Willing to wait at least once,1,.34913072,0,.71846193,0,249,0,0,0
7,3,,43,,Willing to wait at least once,1,.40377998,0,.71846193,0,250,0,0,0
6,2,,30,,Willing to wait at least once,1,.86734021,0,.60697192,1,251,1,0,1
11,5,,42,,Willing to wait at least once,1,.63704008,0,.81875926,0,252,0,0,0
5,1,,42,,Willing to wait at least once,1,1.0615044,.58172446,1.3212838,1,255,0,0,1
4,1,,29,,Willing to wait at least once,0,.40377998,.67513299,.50030637,0,257,0,0,0
6,1,,34,,Willing to wait at least once,0,.62991273,1.3366151,.50030637,0,258,0,0,0
2,1,,78,,Willing to wait at least once,1,.34913072,0,.60697192,0,260,0,0,1
1,0,,68,,Willing to wait at least once,0,.076627567,0,.48147386,0,261,0,0,0
10,1,,62,,Willing to wait at least once,0,.73103076,0,.80509818,0,262,1,0,1
8,2,,39,,Never willing to wait,0,.45559675,.9280141,.82679421,0,263,0,0,0
2,0,,63,,Willing to wait at least once,1,.2913214,0,.60697192,0,265,0,1,0
6,4,,55,,Willing to wait at least once,1,1.8740441,0,.60697192,1,267,0,0,0
7,2,,41,,Willing to wait at least once,0,.59400934,0,.48147386,0,268,0,0,0
8,3,,42,,Willing to wait at least once,0,.77830565,.4369944,.98197877,0,270,0,0,1
8,2,,49,,Never willing to wait,1,1.9340332,2.2964563,1.6359489,1,272,0,0,1
7,2,,30,,Willing to wait at least once,1,.95898336,0,.98197877,1,273,0,0,0
8,2,,42,,Willing to wait at least once,0,.33518511,.47868326,.80509818,0,274,0,0,0
7,2,,40,,Willing to wait at least once,1,1.7668523,1.7699695,1.5007609,0,275,0,1,0
10,5,,43,,Never willing to wait,0,.92987829,1.5996435,1.2540766,0,276,0,0,0
18,5,,54,,Willing to wait at least once,0,1.387851,1.1938043,1.1222582,0,277,0,0,0
5,2,,52,,Willing to wait at least once,0,.85441154,0,.91724521,0,278,0,0,0
6,2,,51,,Willing to wait at least once,1,.40377998,.67513299,.50030637,0,280,0,0,1
7,2,,44,,Willing to wait at least once,0,.34913072,.14903679,.89744425,0,282,0,0,0
6,2,,27,,Willing to wait at least once,1,.14779887,0,.59006101,0,285,0,0,0
4,2,,42,,Willing to wait at least once,1,1.5461822,0,.89744425,1,286,0,1,0
7,2,,50,,Willing to wait at least once,1,1.4541812,1.2055061,1.313995,1,288,0,0,0
5,0,,62,,Never willing to wait,1,.33518511,0,1.1322248,0,289,0,0,0
6,2,,31,,Willing to wait at least once,0,1.3638995,0,.98197877,1,291,0,0,0
4,2,,29,,Willing to wait at least once,1,.3873291,.39349177,.60697192,0,292,0,0,0
6,3,,27,,Willing to wait at least once,1,.92798322,1.3706574,.60697192,1,293,0,0,1
10,3,,47,,Willing to wait at least once,1,.72744745,0,.71846193,0,295,0,0,0
6,2,,25,,Willing to wait at least once,0,.5630551,.93014222,.70334864,0,296,0,0,0
5,1,,42,,Willing to wait at least once,1,.795542,0,.80509818,1,297,0,0,0
6,1,,53,,Willing to wait at least once,0,.40377998,1.1811413,.50030637,0,298,0,0,0
8,2,,31,,Willing to wait at least once,0,.84568334,.21597672,.89744425,0,301,0,0,0
6,2,,40,,Willing to wait at least once,1,.21423963,0,.60697192,0,302,0,0,0
8,2,,40,,Willing to wait at least once,1,1.1197308,0,.98197877,1,303,0,0,1
5,2,,32,,Willing to wait at least once,0,.27653977,1.0495275,.89744425,0,305,0,0,0
8,2,,46,,Willing to wait at least once,0,0,0,.60697192,0,306,0,0,0
10,2,,38,,Willing to wait at least once,1,1.0466038,0,1.4831543,0,340,0,0,1
10,3,,30,,Willing to wait at least once,1,.97438496,1.1042686,.80509818,0,343,0,0,0
6,1,,33,,Never willing to wait,1,.39058095,0,.99343777,0,344,0,0,0
5,2,,30,,Willing to wait at least once,0,.82604957,.33774942,.60697192,0,345,0,0,0
6,2,,33,,Never willing to wait,1,.57486361,0,.50030637,0,347,0,0,0
10,3,,40,,Willing to wait at least once,1,.97438496,1.3500402,1.1322248,1,350,0,0,0
7,3,,29,,Willing to wait at least once,1,1.5812677,.99696451,1.2120696,0,351,1,1,1
7,2,,34,,Willing to wait at least once,0,.40377998,0,1.0492029,1,352,0,0,0
5,2,,33,,Willing to wait at least once,1,.45559675,0,.89744425,0,353,0,0,0
8,3,,35,,Willing to wait at least once,1,.43129668,1.3113884,.71846193,0,356,0,0,0
6,2,,35,,Willing to wait at least once,0,.93980634,.38368949,.89744425,1,359,0,0,0
9,1,,46,,Willing to wait at least once,1,.76865375,1.2483838,.60697192,0,360,1,0,1
6,2,,46,,Willing to wait at least once,1,.34913072,0,.60697192,0,361,0,0,0
5,2,,27,,Willing to wait at least once,1,.14779887,0,.71846193,0,362,0,0,0
8,2,,37,,Never willing to wait,1,1.5444162,0,.19590285,0,363,1,1,0
10,2,,34,,Willing to wait at least once,0,.45559675,1.3366151,.73335016,0,364,0,0,1
5,1,,34,,Willing to wait at least once,1,.50486028,0,1.0662395,0,365,0,0,1
6,2,,30,,Willing to wait at least once,1,.42450964,0,.50030637,0,510,1,0,1
16,3,,56,,Willing to wait at least once,1,.27653977,.65280515,.48147386,0,513,1,0,1
6,2,,38,,Willing to wait at least once,1,.57486361,.79089421,,0,514,0,0,1
5,2,,38,,Willing to wait at least once,1,.68671119,0,.60697192,0,516,0,0,1
9,3,,42,,Willing to wait at least once,0,.85725987,1.2737226,.80509818,1,517,1,0,1
5,2,,31,,Willing to wait at least once,1,.52900833,0,.19590285,1,647,0,0,0
8,2,,32,,Never willing to wait,1,.076627567,0,1.228333,0,648,0,0,0
8,2,,35,,Never willing to wait,1,.076627567,0,.71846193,0,650,0,0,0
5,1,,47,,Willing to wait at least once,1,.14779887,0,.62360156,0,674,0,0,1
4,2,,47,,Never willing to wait,1,.89599133,0,.80509818,0,679,1,0,1
7,2,,39,,Willing to wait at least once,1,.95898336,.33774942,.9099077,0,682,0,0,0
7,2,,36,,Willing to wait at least once,1,.91290134,.33774942,.99343777,0,690,0,0,0
7,2,,31,,Never willing to wait,1,.076627567,0,.71846193,1,691,0,0,0
5,2,,36,,Never willing to wait,0,.36373544,0,.35964283,0,693,0,0,0
1,0,,60,,Willing to wait at least once,0,0,0,0,0,695,0,0,0
9,3,,39,,Never willing to wait,1,.70041275,0,.60697192,0,696,0,0,0
6,2,,29,,Never willing to wait,1,.21423963,0,.60697192,0,697,0,0,0
11,3,,37,,Willing to wait at least once,1,.80491239,.93014222,.71846193,1,703,0,0,0
7,3,,31,,Willing to wait at least once,1,.69193691,0,.60697192,0,704,0,0,1
7,2,,36,,Willing to wait at least once,0,.14779887,0,.19590285,0,705,0,0,0
9,2,,57,,Willing to wait at least once,1,.56528246,.7641232,.71846193,0,706,0,0,0
9,1,,34,,Willing to wait at least once,0,.14779887,0,.19590285,1,710,0,0,0
11,2,,46,,Willing to wait at least once,1,.66071069,0,.35964283,0,711,0,0,0
3,1,1,24,,Willing to wait at least once,0,.52900833,0,.48147386,0,714,0,0,0
8,2,,29,,Never willing to wait,1,.79866618,1.0649868,.80509818,0,715,0,0,0
5,2,,26,,Willing to wait at least once,1,.84931099,0,.60697192,0,716,1,1,1
8,3,,26,,Willing to wait at least once,0,1.0256443,.93014222,1.2592831,0,718,0,0,0
6,2,,34,,Never willing to wait,0,.52900833,0,1.3999935,1,721,0,0,0
4,2,,49,,Willing to wait at least once,1,.45559675,0,.91724521,0,724,0,0,0
9,3,,45,,,,.40377998,.24270061,1.2112092,,725,0,0,1
5,2,,28,,Willing to wait at least once,1,.076627567,0,.60697192,1,726,0,0,1
6,2,,27,,Never willing to wait,1,.2913214,0,.48147386,1,727,1,0,1
10,3,,44,,Willing to wait at least once,1,1.0832717,1.1305549,1.233675,0,728,0,0,0
6,3,,27,,Willing to wait at least once,1,.2913214,0,.35964283,0,757,0,0,0
8,1,,35,,Willing to wait at least once,1,.66187716,.56800365,.71846193,1,758,0,0,0
9,2,,37,,Never willing to wait,1,.61870807,0,.71846193,1,759,0,0,0
2,0,,70,,Willing to wait at least once,0,.14779887,0,0,0,761,0,0,1
1,1,,36,,Willing to wait at least once,0,.14779887,0,.83069164,0,762,0,1,0
6,2,,47,,Never willing to wait,1,.54125804,.33774942,1.0599209,1,763,0,0,0
8,2,,31,,Never willing to wait,1,.77486056,0,.71846193,0,764,0,0,0
10,4,,44,,Willing to wait at least once,1,.81089884,0,1.0001892,1,765,0,0,0
6,2,,29,,Willing to wait at least once,1,1.1740304,0,.72734076,1,767,0,0,0
7,2,,37,,Willing to wait at least once,1,.5630551,0,.71846193,1,768,0,0,0
3,1,,26,,Willing to wait at least once,1,.37817082,0,.19590285,1,769,0,1,0
3,1,,32,,Willing to wait at least once,1,.37817082,.67513299,.71846193,1,770,1,1,0
6,2,,30,,Willing to wait at least once,0,.52900833,0,1.6962229,0,771,0,0,0
4,1,,26,,Never willing to wait,1,.14779887,0,.35964283,0,772,0,0,0
2,1,,34,,Willing to wait at least once,1,.45559675,0,.81875926,0,773,1,0,1
2,1,,44,,Never willing to wait,0,.2913214,0,.80509818,0,775,0,0,0
5,2,,27,,Willing to wait at least once,1,.40377998,0,.71846193,1,776,0,0,0
10,4,,43,,Willing to wait at least once,1,1.7607706,0,.71846193,0,777,0,0,0
7,2,,41,,Willing to wait at least once,1,.54125804,.84942245,.71846193,1,779,0,0,0
6,2,,42,,Never willing to wait,1,.89477354,0,1.0001892,1,780,0,0,0
9,3,,49,,Willing to wait at least once,1,1.3263458,1.0466979,1.0180739,1,781,1,0,1
6,2,,36,,Willing to wait at least once,0,.73103076,.077292271,.60697192,0,782,0,0,0
4,1,,49,,Never willing to wait,1,.80433834,.49644032,.81875926,1,783,0,0,0
9,4,,41,,Willing to wait at least once,1,1.9899379,0,1.4156522,0,812,0,0,0
7,3,,37,,Willing to wait at least once,1,1.1005002,.49644032,.93744284,1,813,0,0,0
9,3,,32,,Never willing to wait,0,.97486919,0,1.4802194,0,814,0,0,1
7,3,,39,,Willing to wait at least once,1,.27653977,0,.48147386,1,815,0,0,0
6,2,,35,,Willing to wait at least once,1,1.5774258,0,.71846193,1,817,1,1,1
4,2,,36,,Never willing to wait,1,.69193691,0,1.3188994,0,818,0,0,0
6,2,,65,,Willing to wait at least once,1,1.6105736,0,1.4871975,1,821,1,1,0
11,3,,45,,Never willing to wait,1,1.1263195,0,.76611608,0,822,0,0,0
6,1,,27,,Willing to wait at least once,1,.52900833,0,.35964283,1,823,0,0,0
5,2,,40,,Willing to wait at least once,1,.92680389,0,1.2373011,1,824,0,0,0
6,1,,41,,Willing to wait at least once,1,.66071069,0,1.0101515,0,825,0,0,0
5,1,,35,,Never willing to wait,1,1.3904818,.27871555,.71846193,1,826,0,1,0
8,2,,37,,Willing to wait at least once,1,.40377998,0,.60697192,0,827,0,0,0
8,2,,32,,Willing to wait at least once,0,.78445315,0,.80509818,0,828,0,0,1
6,2,,55,,Willing to wait at least once,0,.86715662,0,1.0836654,0,830,0,0,1
7,2,,36,,Willing to wait at least once,0,.37817082,.077292271,.35964283,1,831,0,0,0
12,7,1,22,,Willing to wait at least once,0,.43129668,0,0,0,832,0,0,0
9,3,,47,,Willing to wait at least once,1,1.3253136,0,1.3342884,1,833,0,0,0
9,2,,59,,Never willing to wait,1,.86168319,.32379958,.48147386,0,834,0,0,0
6,2,,32,,Willing to wait at least once,1,.70235449,0,1.4584895,1,836,0,0,1
10,1,,34,,Willing to wait at least once,1,1.0176731,0,.81875926,1,839,0,0,1
5,2,,35,,Never willing to wait,1,1.5492978,1.0466979,1.1309961,0,925,1,1,1
6,2,,27,,Never willing to wait,1,1.8747791,1.3402662,1.4964679,0,926,0,0,0
7,2,,37,,Willing to wait at least once,0,0,.27871555,1.132527,0,927,0,1,0
7,2,,41,,Willing to wait at least once,0,.98785633,.95826024,.98197877,0,928,0,0,1
3,1,,54,,Willing to wait at least once,1,.96272516,.7641232,.60697192,0,929,0,0,0
9,2,,35,,Willing to wait at least once,1,.37101221,.21597672,.71846193,0,931,0,0,0
6,2,,51,,Willing to wait at least once,1,.79202467,.90237492,1.8110776,0,933,0,0,0
10,4,,42,,Willing to wait at least once,1,1.2335687,1.3071849,1.2811865,0,934,0,0,1
5,0,,59,,Willing to wait at least once,0,0,0,.35964283,0,935,0,0,0
4,2,,43,,Never willing to wait,1,1.1665653,1.3268098,1.0662395,0,936,0,1,0
5,2,,33,,Never willing to wait,1,.4399831,1.0544565,.60697192,0,937,0,0,0
6,1,,41,,Willing to wait at least once,1,.95775187,.99405283,1.1969818,1,939,1,0,1
4,1,,28,,Willing to wait at least once,1,.50800163,.79089421,.60697192,0,941,0,0,0
8,2,,40,,Willing to wait at least once,1,1.5838752,0,.7676037,1,942,0,1,0
10,3,,45,,Never willing to wait,1,.31449023,0,.71846193,0,943,0,0,0
7,2,,32,,Willing to wait at least once,1,1.9093988,0,.19590285,0,944,1,1,1
6,2,,42,,Willing to wait at least once,0,0,0,.81875926,0,945,0,0,1
4,2,,49,,,,0,.33774942,.60697192,,946,0,0,0
4,2,,31,,Never willing to wait,1,.79494846,.63336337,.92646497,0,947,0,1,0
3,1,,27,,Willing to wait at least once,0,0,0,.35964283,0,948,0,1,0
5,2,,31,,Willing to wait at least once,1,.50800163,.25077447,.62646616,1,949,0,0,0
7,3,,45,,Willing to wait at least once,0,.4572643,.39349177,1.2452585,1,952,0,0,0
9,3,,36,,Willing to wait at least once,1,2.1823158,0,1.1815878,1,1009,1,0,1
4,2,,28,,Willing to wait at least once,1,.56528246,0,.50030637,0,1010,0,1,0
4,2,,39,,Willing to wait at least once,1,.6088419,0,0,1,1011,0,1,0
3,0,,65,,Willing to wait at least once,1,.95294529,.5897727,.71846193,1,1012,0,1,0
5,0,,59,,Never willing to wait,1,1.0071926,0,.70334864,0,1013,0,0,0
7,4,,54,,Never willing to wait,1,.95599729,0,.48147386,0,1017,0,0,0
5,2,,36,,Willing to wait at least once,1,1.1665653,.56534439,1.4369889,1,1018,0,0,0
5,2,,25,,Never willing to wait,1,.076627567,0,.48147386,0,1019,0,0,0
8,2,,34,,Willing to wait at least once,0,.36373544,.077292271,.60697192,0,1020,0,0,0
4,1,,31,,Willing to wait at least once,1,.54125804,0,.19590285,0,1022,0,0,0
3,2,,37,,Willing to wait at least once,0,.14779887,0,1.1767664,0,1025,1,0,1
6,1,,44,,Willing to wait at least once,1,1.2506517,.79089421,1.0815412,1,1028,0,0,0
5,2,,31,,Willing to wait at least once,1,2.0786047,.89463437,1.2452954,1,1030,1,1,0
5,2,,29,,Never willing to wait,1,.31449023,0,.35964283,0,1032,0,0,0
6,2,,40,,Never willing to wait,1,1.1414499,0,.50030637,1,1033,0,0,0
10,5,,50,,Willing to wait at least once,1,1.7123407,.27871555,.75171131,1,1034,0,0,0
6,3,,29,,Willing to wait at least once,1,1.2609427,0,.71846193,1,1035,0,1,0
9,2,,29,,Never willing to wait,1,1.1643239,.95826024,1.6218599,1,1037,0,0,0
7,1,,40,,Willing to wait at least once,0,0,.077292271,1.1088715,0,1038,0,0,0
6,2,,33,,Willing to wait at least once,1,.72045487,.9859665,.60697192,0,1040,0,0,0
5,2,,27,,Willing to wait at least once,1,.74841726,.44629022,.66435027,1,1041,0,0,0
6,2,,32,,Never willing to wait,1,.75847036,.79089421,1.0815412,0,1042,0,0,0
6,2,,26,,Willing to wait at least once,1,.14779887,.45562184,.80509818,0,1043,1,0,1
6,2,,32,,Willing to wait at least once,1,.30845001,0,.60697192,0,1072,0,0,1
5,3,,52,,Willing to wait at least once,1,.14779887,0,.60697192,0,1075,0,0,0
3,2,,29,,Willing to wait at least once,0,0,0,.93894076,0,1076,0,0,0
9,3,,44,,Willing to wait at least once,0,.14779887,.077292271,.60697192,0,1077,0,0,0
5,2,,31,,Willing to wait at least once,1,1.7131747,1.1651785,1.0836654,0,1078,0,0,1
5,2,,44,,Willing to wait at least once,0,.57486361,.52283883,1.2214605,1,1080,1,1,1
7,2,,39,,Willing to wait at least once,1,.7573058,1.3623713,1.7612575,0,1081,0,0,1
10,2,,38,,Never willing to wait,1,.37101221,0,1.0492029,0,1082,0,0,0
3,1,,28,,Never willing to wait,1,.3873291,.5897727,.60697192,0,1083,0,0,0
5,2,,35,,Willing to wait at least once,1,1.4690915,1.2140847,1.1309961,0,1084,1,1,0
11,3,,46,,Willing to wait at least once,1,1.1587967,1.1256405,.99343777,1,1086,0,0,0
8,2,,33,,Willing to wait at least once,1,.54862666,0,.89744425,1,1087,0,0,0
5,2,,27,,Never willing to wait,1,.6111787,1.0620096,.75307322,1,1088,0,0,0
4,1,,60,,Never willing to wait,1,1.1909678,.25077447,.71846193,0,1089,0,0,0
5,2,,35,,Willing to wait at least once,1,1.0568796,0,.92646497,0,1090,0,1,0
5,1,,32,,Never willing to wait,0,.14779887,.44629022,.52514178,0,1091,0,0,0
6,2,,27,,Never willing to wait,0,.37101221,0,.60697192,0,1092,0,0,0
3,2,,28,,Willing to wait at least once,1,.59400934,0,.80509818,1,1093,0,0,0
8,1,,38,,Willing to wait at least once,1,0,0,.71846193,0,1094,0,0,0
7,2,,42,,Willing to wait at least once,0,0,0,.50030637,0,1095,0,1,0
6,2,,44,,Willing to wait at least once,1,.59400934,0,.60697192,0,1096,0,0,0
3,2,1,24,,Willing to wait at least once,0,.14779887,0,.75171131,0,1097,0,1,0
6,3,,49,,Willing to wait at least once,1,.14779887,0,.71846193,1,1098,0,0,0
5,2,,45,,Willing to wait at least once,1,.14779887,0,.60697192,0,1099,0,0,0
5,2,,34,,Willing to wait at least once,1,.87170422,0,.60697192,1,1100,0,0,0
4,2,,29,,Willing to wait at least once,1,.14779887,0,.60697192,0,1101,0,0,0
8,4,,25,,Willing to wait at least once,1,.076627567,0,.62360156,1,1102,0,0,0
7,2,,46,,Willing to wait at least once,1,0,0,.89744425,0,1103,0,0,0
5,2,,31,,Willing to wait at least once,1,0,0,.50030637,1,1106,0,0,0
6,1,,38,,Willing to wait at least once,1,.5630551,0,.98197877,0,1108,0,0,0
6,2,,35,,Willing to wait at least once,1,0,0,.98197877,0,1109,0,0,1
3,1,,28,,Willing to wait at least once,0,.076627567,0,.48147386,0,1110,0,0,0
6,2,,25,,Willing to wait at least once,1,0,0,.50030637,1,1112,0,0,0
3,1,1,24,,Willing to wait at least once,0,.4399831,.21597672,.60697192,1,1113,0,0,0
5,2,,34,,Willing to wait at least once,0,.3873291,0,.60697192,0,1114,0,0,0
6,2,,41,,Willing to wait at least once,1,.34913072,.67513299,1.0599209,0,1115,0,0,0
7,3,,53,,Willing to wait at least once,1,.76520294,0,.71846193,1,1116,0,0,0
3,1,,31,,Willing to wait at least once,1,0,0,.35964283,0,1117,1,0,1
6,2,,25,,Willing to wait at least once,0,0,0,.60697192,0,1118,0,0,0
5,2,,41,,Never willing to wait,1,.51664227,0,.60697192,0,1119,0,0,0
5,1,,33,,Willing to wait at least once,1,0,0,.50030637,1,1120,0,1,0
2,1,,42,,Never willing to wait,0,.2913214,0,.19590285,0,1181,0,1,0
3,1,,32,,Willing to wait at least once,0,.076627567,0,.19590285,0,1186,1,1,0
10,5,,48,,Willing to wait at least once,1,.36373544,.27871555,.92221779,1,1187,0,0,0
10,4,,42,,Willing to wait at least once,0,.55332524,0,1.1747286,0,1189,0,0,0
6,2,,40,,Willing to wait at least once,1,.52900833,.21597672,1.1309961,1,1190,0,0,1
6,2,,40,,Never willing to wait,0,.34913072,0,.80509818,0,1191,0,0,0
5,1,,27,,Willing to wait at least once,1,.86386979,.83307195,1.2617395,1,1193,0,0,0
6,2,,30,,Never willing to wait,1,1.914583,.66786397,1.9389883,1,1194,1,0,1
16,3,,32,,Willing to wait at least once,0,.81555796,1.5986965,1.6905327,0,1197,0,0,0
7,4,,30,,Willing to wait at least once,0,0,0,1.0492029,0,1198,0,0,1
5,2,,29,,Never willing to wait,1,.2913214,0,.60697192,0,1199,0,0,0
7,2,,25,,Willing to wait at least once,1,1.2334766,.80409151,1.4469509,1,1202,0,1,0
8,2,,35,,Never willing to wait,0,.59400934,0,1.198503,0,1204,0,0,0
9,4,,43,,Willing to wait at least once,0,.48094887,.52283883,1.2203314,0,1205,0,0,0
6,1,,47,,Never willing to wait,0,.14779887,0,.35964283,0,1265,0,0,0
9,4,,43,,Never willing to wait,0,.14779887,0,.62360156,0,1266,0,0,0
5,2,,29,,Willing to wait at least once,0,.34913072,0,.89744425,0,1267,0,0,0
8,2,,35,,Willing to wait at least once,0,.21423963,0,.89744425,0,1269,0,0,0
3,0,,67,,Willing to wait at least once,0,0,0,1.0662395,1,1271,0,0,1
4,2,,27,,Willing to wait at least once,0,.14779887,0,.60697192,0,1273,0,0,0
8,3,,28,,Never willing to wait,0,.21423963,0,.62360156,0,1274,0,0,0
6,1,,32,,Willing to wait at least once,0,.40377998,0,1.0599209,1,1275,0,0,1
4,2,,28,,Willing to wait at least once,1,.076627567,0,.35964283,1,1276,0,0,0
10,3,,42,,Never willing to wait,0,.21423963,0,.62360156,0,1278,0,0,0
9,5,,43,,Willing to wait at least once,1,.076627567,0,.73335016,0,1279,0,0,0
4,2,,31,,Willing to wait at least once,1,.14779887,0,.98197877,0,1280,0,0,0
6,3,,43,,Willing to wait at least once,0,.14779887,0,.35964283,0,1282,0,0,0
8,3,,58,,Never willing to wait,0,.21423963,0,.50030637,1,1284,0,0,0
8,3,,36,,Willing to wait at least once,0,.14779887,0,.71846193,0,1285,0,0,0
6,3,,42,,Willing to wait at least once,0,.21423963,0,.33793494,0,1286,0,0,0
3,1,,27,,Willing to wait at least once,0,.14779887,0,1.1409602,0,1287,0,0,0
5,1,,28,,Willing to wait at least once,1,.14779887,0,1.1322248,0,1289,0,0,0
3,1,,27,,Willing to wait at least once,1,.21423963,0,.35964283,1,1290,0,1,0
11,3,,44,,Willing to wait at least once,0,.14779887,.30064452,,0,1291,0,0,0
4,2,,29,,Willing to wait at least once,1,1.2798172,.68075073,.63335961,1,1292,0,0,0
6,2,,32,,Willing to wait at least once,1,1.9070504,0,1.1088715,0,1293,0,0,0
4,2,,29,,Willing to wait at least once,1,1.8432086,1.5716314,1.3523189,1,1294,0,1,0
8,3,,53,,Willing to wait at least once,0,.076627567,0,1.2618138,0,1295,0,0,0
6,2,,43,,Never willing to wait,1,1.2784078,1.2269279,1.0815412,1,1296,0,0,0
5,2,,27,,Never willing to wait,1,1.1414499,1.0466979,.71846193,0,1298,0,1,0
12,4,,46,,Willing to wait at least once,0,.70384824,.5897727,1.0445406,0,1299,0,0,1
6,2,,30,,Willing to wait at least once,1,1.6580799,2.3643599,1.552291,1,1300,1,1,1
5,2,,26,,Never willing to wait,1,.72430414,1.856215,1.2719889,0,1301,0,0,0
4,2,,31,,Willing to wait at least once,1,.86734021,0,.71846193,1,1303,0,0,0
8,2,,40,,Willing to wait at least once,0,.89315927,0,1.0950941,0,1304,0,1,0
5,1,,44,,Never willing to wait,1,.93569261,1.5820943,.93157631,0,1305,0,0,0
4,1,,28,,Willing to wait at least once,1,.57486361,0,.33793494,0,1307,0,0,0
7,2,,33,,Willing to wait at least once,1,2.1315825,2.5565417,1.3083621,1,1308,0,0,0
6,2,,38,,Never willing to wait,1,.48094887,1.5168685,.73591733,0,1310,0,0,0
6,3,,42,,Willing to wait at least once,0,1.1713736,.60998935,1.1636976,1,1311,1,1,0
6,2,,38,,Willing to wait at least once,1,.076627567,0,.35964283,0,1312,0,0,0
5,2,,26,,Willing to wait at least once,1,.40377998,.49644032,.50030637,1,1313,0,1,0
4,1,,55,,Willing to wait at least once,1,.99870139,.5050897,1.4938184,0,1314,0,0,0
5,2,,26,,Willing to wait at least once,1,1.0565133,.10511903,.91724521,0,1316,0,0,0
11,5,,39,,Willing to wait at least once,0,.82844776,0,.64558762,0,1317,0,0,0
3,2,,30,,Willing to wait at least once,1,.5669955,1.4384868,.62646616,0,1318,0,1,0
7,3,,53,,Willing to wait at least once,1,1.5097504,0,.80509818,0,1319,0,0,0
4,2,,28,,Willing to wait at least once,0,0,0,.60697192,0,1320,0,0,0
3,2,,40,,Never willing to wait,0,.69446927,0,.89744425,0,1321,1,1,1
3,1,,37,,Willing to wait at least once,1,.2913214,0,.19590285,0,1322,0,0,0
13,4,,41,,Willing to wait at least once,1,2.1282485,0,.78520954,0,1323,0,0,0
7,1,,36,,Willing to wait at least once,1,.68671119,0,.80509818,0,1324,0,0,0
4,2,,47,,Willing to wait at least once,0,.076627567,.077292271,.19590285,0,1325,0,0,0
7,3,,33,,Willing to wait at least once,1,1.5594808,1.5850143,1.1524351,1,1326,0,0,0
7,3,,39,,Willing to wait at least once,1,1.4194341,1.5955054,1.0568501,1,1327,0,0,1
4,1,,53,,Never willing to wait,1,.43046248,1.1015898,0,0,1329,0,0,0
3,1,,44,,Never willing to wait,0,0,0,.60697192,0,1330,0,0,0
3,1,,27,,Willing to wait at least once,1,.79431611,0,.60697192,1,1332,1,0,1
4,1,,36,,Willing to wait at least once,0,.26262003,0,.35964283,0,1333,0,0,0
6,1,,35,,Willing to wait at least once,1,.076627567,.95826024,.19590285,1,1334,0,0,0
3,1,,35,,Never willing to wait,0,.26262003,0,.60697192,0,1335,0,0,0
7,2,,40,,Willing to wait at least once,1,.53517997,0,1.005782,1,1336,0,0,1
6,2,,32,,Never willing to wait,1,1.1665653,1.3092219,.73591733,0,1337,0,0,0
6,2,,30,,Willing to wait at least once,0,.77820033,.27871555,.19590285,0,1338,0,0,0
7,4,,41,,Willing to wait at least once,1,1.8759202,.66786397,1.1322248,1,1339,0,1,0
5,1,,47,,Never willing to wait,1,.67433947,1.2269279,.60697192,0,1340,0,0,0
4,1,,36,,Willing to wait at least once,1,.3873291,.25077447,.60697192,1,1341,0,1,0
2,1,,79,,Willing to wait at least once,1,.076627567,0,.19590285,0,1342,0,0,0
4,1,,31,,Willing to wait at least once,1,.2913214,.21597672,.19590285,1,1343,0,1,0
5,2,,29,,Willing to wait at least once,0,0,0,.35964283,1,1344,0,0,0
3,1,,27,,Willing to wait at least once,1,0,0,.60697192,0,1345,0,1,0
5,2,,30,,Willing to wait at least once,0,.076627567,0,.48147386,0,1403,0,0,0
5,2,,26,,Never willing to wait,0,0,0,.80509818,0,1404,0,0,0
5,3,,38,,Never willing to wait,0,.21423963,1.2053457,1.2617395,0,1405,0,0,0
9,2,,37,,Willing to wait at least once,1,1.0823803,.9414252,1.7072922,1,1408,0,0,0
5,2,,25,,Willing to wait at least once,1,.40377998,.81062543,1.198503,0,1409,0,0,0
4,1,,52,,Never willing to wait,0,.14779887,0,.89744425,0,1410,0,0,1
5,1,,33,,Willing to wait at least once,0,.34913072,.34814534,.81875926,1,1411,0,0,0
2,1,,26,,Never willing to wait,0,.34913072,0,.60697192,0,1412,1,1,0
3,1,,32,,Willing to wait at least once,0,.076627567,0,.60697192,0,1416,0,0,1
8,2,,32,,Willing to wait at least once,1,0,1.1585009,1.3212138,0,1417,0,0,0
6,2,1,24,,Never willing to wait,0,0,0,.97038692,0,1418,0,0,0
5,2,,41,,Willing to wait at least once,1,1.214902,1.5850143,1.4369267,0,1419,1,0,1
6,2,0,21,,Willing to wait at least once,1,0,.92430168,1.0692182,0,1420,0,0,1
7,2,,43,,Never willing to wait,0,.53517997,.39349177,.89744425,0,1421,0,0,0
4,2,,46,,Never willing to wait,1,0,1.0576057,.99202603,0,1422,1,0,1
5,2,,36,,Willing to wait at least once,1,0,.56534439,1.198503,0,1426,1,1,1
7,2,,30,,Never willing to wait,0,.14779887,0,.48147386,0,1428,0,0,0
6,1,,37,,Willing to wait at least once,1,1.2541364,2.3082256,1.3773487,0,1429,1,0,1
7,2,,41,,Willing to wait at least once,1,.53517997,0,.82679421,0,1458,0,0,0
6,2,,44,,Willing to wait at least once,0,.14779887,0,.60697192,0,1459,0,0,1
8,3,,37,,Willing to wait at least once,0,0,.077292271,.35964283,0,1460,0,0,1
8,4,,43,,Willing to wait at least once,1,.37101221,.27871555,.75077063,1,1461,0,0,0
5,1,,31,,Willing to wait at least once,1,.37817082,.33774942,0,0,1462,0,0,0
6,1,,35,,Willing to wait at least once,0,.14779887,0,.80509818,0,1463,0,0,0
6,1,,36,,Willing to wait at least once,0,0,0,.60697192,0,1464,0,0,0
6,2,,28,,Willing to wait at least once,0,1.4166356,.5897727,.77458346,1,1465,0,0,0
7,1,,38,,Never willing to wait,0,.076627567,0,.35964283,0,1466,0,0,0
4,1,,34,,Willing to wait at least once,1,.076627567,0,.60697192,0,1468,0,0,1
6,2,,39,,Never willing to wait,0,.87483191,.49644032,1.1222582,0,1469,1,0,1
3,2,,51,,Never willing to wait,0,.076627567,0,.48147386,0,1470,0,0,0
4,1,,27,,Willing to wait at least once,0,.14779887,.39349177,.35964283,0,1471,0,0,0
5,2,,43,,Willing to wait at least once,0,.076627567,0,.60697192,0,1472,0,0,1
4,1,,47,,Willing to wait at least once,0,.076627567,0,.19590285,0,1473,0,0,0
5,2,,38,,Willing to wait at least once,0,1.0225152,0,.63335961,1,1474,0,0,0
4,1,,28,,Never willing to wait,1,.48094887,0,.48147386,1,1475,1,0,1
7,2,,29,,Willing to wait at least once,1,.68671119,0,.71846193,0,1476,0,0,0
8,3,,39,,Willing to wait at least once,1,1.0154275,0,1.6656669,0,1477,0,0,1
6,1,,29,,Willing to wait at least once,0,.6111787,.21597672,.50030637,0,1478,0,0,0
6,1,,49,,Willing to wait at least once,0,.14779887,0,.60697192,0,1479,0,0,0
9,1,,67,,Willing to wait at least once,0,.58656758,0,.71846193,0,1480,0,0,0
4,1,,25,,Never willing to wait,1,.37101221,0,.48147386,0,1481,0,0,0
9,4,,43,,Willing to wait at least once,0,.49379784,.49644032,.80509818,0,1482,0,0,0
8,4,,53,,Willing to wait at least once,1,.90024692,.60588646,1.1030962,0,1483,0,0,0
10,4,1,24,,Willing to wait at least once,0,0,.077292271,.89744425,0,1484,0,0,0
9,2,,53,,Never willing to wait,0,.2913214,0,.33793494,0,1485,0,0,0
3,1,,30,,Willing to wait at least once,1,.076627567,0,.63335961,0,1486,0,0,0
5,1,,35,,Willing to wait at least once,0,0,.27871555,.60697192,0,1489,0,0,0
5,2,,28,,Willing to wait at least once,1,.076627567,0,.35964283,1,1490,0,0,0
6,3,,46,,Willing to wait at least once,0,.076627567,0,.50030637,1,1491,0,0,1
5,2,,31,,Willing to wait at least once,1,.076627567,0,.54149646,0,1492,0,0,1
6,1,,35,,Willing to wait at least once,1,.254581,0,.89744425,0,1493,0,0,0
3,1,,32,,Willing to wait at least once,1,.076627567,0,.60697192,0,1494,0,0,0
3,2,,37,,Willing to wait at least once,1,.31449023,0,.60697192,1,1496,0,0,0
6,3,,28,,Willing to wait at least once,1,1.1934714,0,1.0836654,1,1497,0,0,0
3,2,,31,,Willing to wait at least once,1,.34913072,0,.60697192,0,1498,0,0,0
7,2,,28,,Willing to wait at least once,1,.22996409,0,.81875926,1,1500,0,0,0
8,2,,35,,Willing to wait at least once,1,.59400934,0,.60697192,0,1501,0,0,0
4,2,,27,,Willing to wait at least once,0,.14779887,0,.60697192,0,1502,0,0,0
5,2,,37,,Willing to wait at least once,0,.076627567,0,.70334864,0,1503,0,0,0
6,2,,30,,Willing to wait at least once,1,.86294192,0,.92531997,0,1504,0,0,0
4,2,,27,,Willing to wait at least once,0,.076627567,0,.80509818,0,1505,0,0,0
4,2,,26,,Willing to wait at least once,0,.14779887,0,.60697192,1,1506,0,0,0
5,1,,46,,Willing to wait at least once,0,.14779887,0,.60697192,0,1507,0,0,0
5,2,,32,,Willing to wait at least once,1,.87170422,0,.60697192,0,1508,0,0,0
5,0,,62,,Willing to wait at least once,0,0,0,.59006101,0,1509,0,0,0
7,3,,47,,Willing to wait at least once,1,.9262957,0,.89744425,1,1510,0,0,0
5,2,1,24,,Willing to wait at least once,1,.14779887,0,.6600998,1,1511,1,0,1
2,1,,25,,Willing to wait at least once,1,.14779887,0,.60697192,0,1512,0,0,0
8,3,,33,,Willing to wait at least once,1,.076627567,0,0,0,1513,0,0,1
5,1,,37,,Willing to wait at least once,1,.37101221,0,.60697192,1,1515,0,0,0
5,1,,32,,Willing to wait at least once,1,.64580899,0,.71846193,1,1516,0,0,1
6,2,,55,,Willing to wait at least once,1,.22996409,0,.71846193,0,1517,0,0,0
4,1,,26,,Willing to wait at least once,0,.14779887,0,.35964283,1,1518,0,0,1
6,1,,38,,Never willing to wait,0,0,0,.48147386,0,1520,0,0,0
6,2,,32,,Willing to wait at least once,0,.076627567,0,.64407098,0,1521,0,0,0
3,1,,26,,Willing to wait at least once,0,.70898539,0,.19590285,1,1522,1,0,1
5,2,,28,,Willing to wait at least once,0,.41910049,0,.50030637,0,1523,0,0,0
3,1,,32,,Willing to wait at least once,0,.68671119,0,.60697192,0,1524,0,0,0
5,1,,32,,Willing to wait at least once,0,.14779887,0,.60697192,0,1525,0,0,0
6,2,,25,,Willing to wait at least once,0,.076627567,0,.71846193,0,1526,0,0,0
2,1,,31,,Willing to wait at least once,1,.32206354,0,.60697192,0,1527,0,1,0
4,2,,26,,Willing to wait at least once,0,.076627567,0,.48147386,0,1528,0,0,0
6,1,,33,,Never willing to wait,0,.076627567,0,.19590285,0,1530,0,0,0
7,2,,44,,Willing to wait at least once,1,.27653977,.63336337,1.3626802,0,1531,0,0,1
7,2,,42,,Willing to wait at least once,0,.37101221,0,.95243961,0,1532,0,0,1
6,1,,45,,Willing to wait at least once,0,0,.090760484,.71846193,0,1533,0,0,0
8,2,,35,,Willing to wait at least once,1,.57288378,.33774942,.71846193,0,1534,0,0,0
4,1,,25,,Never willing to wait,0,.076627567,.21597672,.33793494,0,1536,0,0,0
4,2,,28,,Never willing to wait,0,0,.33774942,.33793494,0,1537,0,0,0
10,2,,33,,Willing to wait at least once,1,.57486361,1.1623678,.35964283,0,1538,0,0,0
5,1,,31,,Willing to wait at least once,1,.076627567,.14903679,.75171131,0,1539,0,0,0
3,1,,27,,Willing to wait at least once,0,.32206354,0,.48147386,0,1540,1,0,1
6,2,,34,,Willing to wait at least once,1,1.7915571,.50985348,1.6233593,0,1599,1,1,0
5,3,,35,,Willing to wait at least once,1,1.751137,.56534439,1.2756097,1,1600,0,0,0
11,4,,59,,Willing to wait at least once,1,1.4253937,.32210302,1.2650254,1,1602,0,0,1
8,3,,32,,Willing to wait at least once,1,.37817082,0,1.2363619,1,1604,1,1,0
6,3,,39,,Never willing to wait,1,2.1828933,0,.48147386,0,1605,1,0,1
6,3,,34,,Willing to wait at least once,1,1.1084007,0,.9099077,0,1606,0,0,1
6,2,,35,,Willing to wait at least once,0,1.7320497,0,.48147386,0,1609,1,1,0
7,1,,31,,Willing to wait at least once,0,.31449023,0,.50030637,1,1610,0,0,1
6,2,,36,,Willing to wait at least once,1,1.4629034,.86123604,1.1409602,1,1611,1,0,1
6,3,,54,,Never willing to wait,0,0,0,.60697192,0,1612,0,0,0
4,2,,26,,Willing to wait at least once,1,.076627567,0,.71846193,0,1614,0,0,1
8,4,,37,,Willing to wait at least once,1,2.00351,0,.97119087,1,1617,1,0,1
3,1,,31,,Willing to wait at least once,1,.97411251,0,1.0285735,1,1619,1,0,1
7,3,,37,,Never willing to wait,1,1.5189421,0,1.233675,1,1622,0,0,1
9,3,,25,,Willing to wait at least once,1,1.9361787,0,1.2947913,1,1623,1,0,1
7,2,,49,,Never willing to wait,1,1.2522731,0,1.2078197,1,1625,0,0,1
4,2,,26,,Willing to wait at least once,0,.2913214,.090760484,.50030637,0,1627,1,1,1
7,2,,30,,Never willing to wait,0,.076627567,0,.60697192,0,1628,0,0,0
6,5,,26,,Willing to wait at least once,0,.076627567,.21597672,1.0492029,0,1630,0,0,1
5,3,,45,,Willing to wait at least once,0,.36373544,0,1.1690615,0,1632,0,0,0
4,1,,33,,Never willing to wait,0,.2913214,0,.48147386,0,1633,0,0,0
6,2,,40,,Willing to wait at least once,1,.52900833,0,1.0829906,0,1635,0,0,0
8,2,,36,,Willing to wait at least once,1,.63704008,0,.75171131,0,1636,0,0,1
2,1,,28,,Willing to wait at least once,0,0,0,.19590285,0,1637,0,0,0
4,1,,27,,Never willing to wait,0,.2913214,0,.48147386,1,1638,0,0,0
8,3,,43,,Never willing to wait,0,.14779887,.14903679,1.1222582,0,1639,0,0,0
5,1,,27,,Never willing to wait,0,.2913214,0,.48147386,0,1640,0,0,0
3,1,,31,,Never willing to wait,0,.2913214,0,.99212325,0,1641,0,0,1
6,4,,48,,Willing to wait at least once,1,.80433834,1.2447833,.98197877,0,1642,1,0,1
3,1,,31,,Willing to wait at least once,0,.14779887,0,.82679421,0,1645,0,0,0
6,2,,26,,Willing to wait at least once,1,.4399831,0,.50030637,0,1646,0,0,0
4,2,1,23,,Willing to wait at least once,0,0,0,.71846193,0,1647,0,0,0
4,1,,32,,Willing to wait at least once,0,.076627567,0,.48147386,0,1649,0,0,0
7,2,,30,,Willing to wait at least once,1,.076627567,0,.48147386,0,1650,0,0,0
6,1,,29,,Willing to wait at least once,0,.076627567,0,.60697192,0,1652,0,0,0
5,2,,48,,Never willing to wait,0,.14779887,0,.60697192,0,1653,0,0,0
9,3,,37,,Never willing to wait,0,0,0,1.4897618,0,1654,0,0,0
14,6,,39,,Willing to wait at least once,1,1.4726379,0,.62360156,0,1656,0,0,0
6,2,,28,,Willing to wait at least once,0,0,0,.99202603,0,1657,0,0,0
4,2,,28,,Willing to wait at least once,0,.076627567,0,.35964283,0,1658,0,0,0
8,3,,28,,Never willing to wait,0,.85819304,1.8119552,2.0136144,1,1659,0,0,0
4,2,,27,,Willing to wait at least once,1,.48094887,.44629022,.71846193,0,1660,0,0,0
10,2,,44,,Never willing to wait,0,.48094887,0,.89744425,0,1661,0,0,1
8,3,,40,,Never willing to wait,1,1.0604724,2.2269835,2.2328036,1,1662,0,0,0
5,2,,69,,Willing to wait at least once,1,.14779887,.42271134,.92452925,0,1664,0,0,0
4,2,,30,,Willing to wait at least once,0,1.653816,.60588646,1.1309961,0,1665,1,1,0
10,3,,37,,Never willing to wait,0,.34913072,0,1.1210172,0,1668,0,1,0
4,1,,30,,Never willing to wait,0,0,0,.48147386,0,1670,0,0,0
5,2,,25,,Never willing to wait,0,.14779887,0,1.1409602,0,1671,0,0,0
6,2,,37,,Never willing to wait,0,.52900833,.33774942,.98197877,0,1672,0,0,1
3,1,,28,,Never willing to wait,0,.076627567,0,.60697192,0,1673,0,0,0
8,2,,43,,Willing to wait at least once,1,1.1462576,.35843432,1.2529889,0,1674,0,0,0
5,2,,41,,Willing to wait at least once,1,1.707328,1.9395622,1.742139,1,1675,1,0,1
7,2,,52,,Willing to wait at least once,0,.31449023,.95826024,1.611856,0,1676,0,0,1
6,1,,35,,Never willing to wait,0,0,0,.19590285,0,1677,0,0,0
5,2,,28,,Willing to wait at least once,1,.48094887,0,.19590285,0,1678,0,0,0
2,0,,66,,Never willing to wait,1,.48094887,0,.80509818,0,1679,1,1,1
6,1,1,24,,Never willing to wait,0,.076627567,0,.19590285,0,1680,0,0,0
11,4,,42,,Never willing to wait,0,.51275986,0,1.0053314,0,1681,0,0,1
8,3,,35,,Willing to wait at least once,0,.54125804,0,.48147386,0,1682,0,0,0
5,1,,42,,Willing to wait at least once,0,.14779887,0,.50030637,0,1683,0,0,0
6,2,,33,,Willing to wait at least once,0,.076627567,0,.99212325,0,1684,0,0,0
5,3,,37,,Willing to wait at least once,1,.64147598,2.0363109,1.0692182,1,1685,1,0,1
7,2,,54,,Willing to wait at least once,0,.21423963,1.1015898,.89744425,0,1686,0,0,0
7,3,,35,,Never willing to wait,0,.14779887,.077292271,.60697192,0,1688,0,0,0
3,1,,30,,Willing to wait at least once,1,0,.33774942,.60697192,0,1690,0,1,0
8,4,,38,,Willing to wait at least once,1,1.0640713,1.6819738,1.3212138,1,1692,1,0,1
6,2,,30,,Never willing to wait,0,.70751697,.17396457,1.4668734,0,1693,0,0,0
5,2,,26,,Never willing to wait,0,.14779887,.79089421,.89744425,0,1694,0,0,0
4,2,,28,,Willing to wait at least once,0,.49379784,.27871555,.71846193,0,1695,0,0,0
5,2,,33,,Never willing to wait,1,1.0040001,.39349177,1.3261527,1,1696,1,0,1
5,2,1,24,,Willing to wait at least once,0,.34913072,.27871555,.71846193,0,1697,0,0,0
9,4,,37,,Never willing to wait,0,.21423963,.67513299,1.3705252,0,1698,0,0,1
6,2,,28,,Willing to wait at least once,1,.14779887,.79089421,.89744425,0,1699,0,0,1
7,2,,32,,Willing to wait at least once,1,.85819304,1.5501267,1.0692182,0,1700,1,0,1
5,1,,63,,Willing to wait at least once,1,.14779887,1.0235093,.89744425,0,1701,0,0,1
8,2,,31,,Willing to wait at least once,0,.37817082,0,.60697192,0,1703,0,0,0
12,4,,46,,Never willing to wait,1,.14779887,.73649335,1.516418,0,1704,0,0,1
9,2,,32,,Willing to wait at least once,1,1.0124353,1.0969914,1.4231125,0,1705,0,0,0
6,3,,52,,Willing to wait at least once,0,.14779887,.49644032,1.1322248,0,1707,0,0,0
3,1,,37,,Willing to wait at least once,1,0,.45110139,1.025377,0,1708,1,0,1
8,2,,33,,Never willing to wait,0,0,0,1.0599209,0,1712,0,0,0
5,2,,32,,Never willing to wait,0,.21423963,.72236657,1.1322248,0,1713,0,0,0
4,1,,40,,Never willing to wait,0,.076627567,0,.60697192,0,1715,0,0,0
6,2,,33,,Never willing to wait,1,.8119027,0,1.0599209,1,1716,0,0,1
4,2,,28,,Willing to wait at least once,0,.34913072,.67513299,.97038692,0,1717,0,0,0
3,1,,27,,Never willing to wait,0,.076627567,0,.19590285,0,1718,0,0,0
7,2,,39,,Never willing to wait,1,.87170422,1.6489733,1.5263017,0,1719,0,0,1
5,2,,34,,Willing to wait at least once,1,.14779887,0,.71846193,0,1723,0,0,0
5,2,,33,,Willing to wait at least once,1,.40377998,.55265993,1.3947558,1,1725,0,0,0
9,3,,34,,Willing to wait at least once,0,.14779887,0,.48147386,0,1726,0,0,0
7,4,,29,,Willing to wait at least once,1,.14779887,1.6030372,.9099077,0,1727,0,0,1
4,2,0,22,,Willing to wait at least once,0,.14779887,0,.35964283,0,1728,0,0,0
9,4,,40,,Never willing to wait,0,.076627567,.76746935,1.1222582,0,1730,0,0,0
9,4,,48,,Willing to wait at least once,1,.607409,.56105387,1.4165953,0,1733,0,0,1
3,1,,47,,Willing to wait at least once,1,.49379784,0,1.1281961,0,1734,0,0,0
2,2,,34,,Willing to wait at least once,1,.82285649,1.2269279,.80509818,0,1739,0,0,1
6,2,,29,,,,.34913072,,1.4413271,,1740,0,0,0
6,2,,33,,Willing to wait at least once,0,.33518511,1.3814768,.59006101,1,1741,0,0,0
5,2,,31,,Willing to wait at least once,1,.52693552,0,.62360156,1,1742,0,0,0
6,2,,44,,Never willing to wait,1,.076627567,0,.35964283,0,1743,0,0,0
5,1,,45,,Willing to wait at least once,0,.14779887,.49644032,.35964283,0,1744,0,0,0
10,3,,38,,Never willing to wait,1,.14779887,0,.71846193,0,1745,0,0,0
8,3,1,22,,Willing to wait at least once,1,1.3062793,1.61301,1.6104621,1,1746,0,0,0
7,2,,29,,Willing to wait at least once,1,.88280642,1.0846176,1.3851455,0,1747,0,0,1
7,2,,35,,Willing to wait at least once,1,.34913072,1.2081515,.71846193,1,1748,0,0,0
8,1,,41,,Willing to wait at least once,0,.40377998,.82668352,.71846193,1,1749,0,0,1
7,4,,39,,Willing to wait at least once,1,.40377998,.75377643,.71846193,1,1750,0,0,0
2,1,,29,,Willing to wait at least once,1,0,0,.19590285,0,1751,0,0,0
4,2,,26,,,,.076627567,,.83069164,,1752,0,0,0
7,2,,54,,Willing to wait at least once,1,.34913072,0,.71846193,0,1753,0,0,0
7,3,,42,,,,.52900833,,.51133782,,1754,0,0,0
6,3,,42,,,,.076627567,,.63335961,,1758,0,0,0
7,2,,41,,Willing to wait at least once,0,.14779887,0,.71846193,0,1759,0,0,0
5,2,,32,,Willing to wait at least once,0,.60953987,0,.89744425,1,1761,0,0,0
5,2,,25,,,,.6088419,,.80509818,,1762,0,0,0
5,2,,35,,Willing to wait at least once,1,.52693552,0,.35964283,1,1763,0,0,0
5,2,,51,,Willing to wait at least once,1,.34913072,0,.71846193,0,1764,0,0,0
6,3,,34,,Never willing to wait,1,0,0,.50030637,1,1904,0,0,0
8,2,,33,,Willing to wait at least once,1,.14779887,0,.35964283,0,1907,0,0,0
2,1,,27,,,,.076627567,.49644032,.48147386,,1910,0,0,0
7,2,,41,,,,.076627567,,.50030637,,1912,0,0,1
3,1,,25,,Willing to wait at least once,1,0,0,0,1,1913,0,0,0
4,2,,41,,Willing to wait at least once,0,0,.85822505,.62646616,0,1916,0,0,0
4,1,,30,,Willing to wait at least once,1,.2913214,0,.19590285,1,1917,0,0,1
7,2,,38,,Willing to wait at least once,0,.14779887,.99141687,.71846193,0,1919,0,0,0
5,2,,51,,Willing to wait at least once,1,.076627567,0,.35964283,0,1922,0,0,1
4,2,,32,,Willing to wait at least once,0,.076627567,.33774942,.60697192,0,1925,0,0,1
4,1,,32,,,,.076627567,.41306603,1.003371,,1928,0,0,0
8,2,,26,,Willing to wait at least once,0,.076627567,.9667334,1.0053314,0,1929,0,0,0
6,2,,37,,Willing to wait at least once,0,.076627567,.39349177,.60697192,0,1931,0,0,0
7,2,,43,,Willing to wait at least once,1,.68671119,.52283883,.50030637,1,1960,0,0,0
3,1,,36,,Willing to wait at least once,0,.076627567,.49644032,.19590285,0,1961,0,0,0
6,3,,28,,Willing to wait at least once,0,.076627567,.544195,.35964283,0,1962,0,0,0
10,4,,35,,Willing to wait at least once,1,.36373544,.80745798,1.1408764,1,1963,0,0,1
3,1,,33,,Willing to wait at least once,0,.34913072,.32210302,.90837288,0,1964,0,0,1
8,4,,51,,Willing to wait at least once,0,.59739727,.25077447,.92070174,0,1965,0,0,1
8,3,,39,,Never willing to wait,0,.14779887,0,.89744425,0,1970,0,0,1
7,2,,25,,Never willing to wait,0,.43129668,0,.59006101,0,1972,0,0,1
4,2,,29,,Willing to wait at least once,0,.14779887,.78097737,.99202603,0,1973,0,0,1
8,2,,37,,Never willing to wait,0,.21423963,.52283883,1.198503,0,1974,0,0,0
6,1,,71,,Willing to wait at least once,1,.68671119,.43226454,.62360156,0,1976,0,0,0
3,1,,36,,Willing to wait at least once,0,.076627567,0,.60697192,0,1977,0,0,0
9,2,,32,,Willing to wait at least once,1,.49000284,0,.71846193,0,1978,0,0,0
10,3,,37,,Willing to wait at least once,1,.74909395,.39349177,.73335016,0,1981,0,0,0
6,2,,32,,Willing to wait at least once,1,0,.8917225,.35964283,1,1983,1,0,1
7,2,,31,,Never willing to wait,0,.37817082,.85822505,1.0692182,0,1984,0,0,1
6,2,,33,,Willing to wait at least once,0,.58656758,.67150503,.81875926,0,1985,0,0,1
7,2,,30,,Never willing to wait,1,.36373544,1.4323364,1.1621711,0,1986,0,0,1
8,2,,41,,Never willing to wait,0,.34913072,.5776332,.60697192,0,1987,0,0,0
6,2,,31,,Willing to wait at least once,0,.076627567,0,.3845396,0,1988,0,0,0
7,1,,37,,Never willing to wait,0,.14779887,1.5637748,.74209827,0,1989,0,0,0
8,2,,34,,Willing to wait at least once,0,.34913072,.99699342,.73335016,1,1997,0,0,0
6,2,,32,,Willing to wait at least once,1,.99806744,.72004753,1.9712641,1,2000,1,0,1
8,2,,34,,Willing to wait at least once,1,.80244136,0,.83057737,0,2001,0,0,1
9,4,,36,,Never willing to wait,0,.41680697,0,1.1222582,0,2002,0,0,1
6,2,,34,,Never willing to wait,0,1.4214076,.17396457,.99202603,0,2003,0,0,0
10,3,,33,,Willing to wait at least once,1,1.673342,.71543407,1.1322248,0,2004,0,0,1
5,2,,26,,Willing to wait at least once,1,.31449023,0,.80509818,0,2005,1,0,1
6,2,,28,,Willing to wait at least once,1,.70751697,0,.35964283,0,2008,0,0,0
5,2,,28,,Never willing to wait,1,.22996409,.35843432,.90837288,0,2009,0,0,1
5,2,,30,,Willing to wait at least once,0,.22996409,0,.93666172,1,2011,0,0,0
5,2,,26,,Willing to wait at least once,0,.40377998,0,.9099077,1,2013,0,0,1
6,3,,37,,Never willing to wait,0,.75833464,.25077447,1.2887821,1,2014,0,0,0
6,2,,31,,Never willing to wait,0,.14779887,.39349177,.81875926,0,2016,0,0,0
8,2,,41,,Never willing to wait,0,.14779887,.49644032,.60697192,0,2018,0,0,0
8,2,,36,,Willing to wait at least once,0,.14779887,.39349177,.48147386,0,2019,0,0,1
7,1,,60,,Willing to wait at least once,0,.43129668,1.018079,.71846193,0,2020,0,0,0
7,2,,30,,Willing to wait at least once,1,.68565702,.5414412,.35964283,0,2021,0,0,1
8,3,,40,,Willing to wait at least once,1,.50486028,0,.83223623,0,2022,0,0,0
5,2,,40,,Willing to wait at least once,0,.14779887,.39349177,.50030637,0,2024,0,0,1
3,2,,26,,Willing to wait at least once,0,0,0,.60697192,0,2025,0,0,1
5,2,,25,,Never willing to wait,0,.14779887,.51411653,.89744425,0,2027,0,0,1
6,2,,31,,Never willing to wait,0,.14779887,0,.60697192,0,2029,0,0,0
4,2,1,24,,Willing to wait at least once,1,.36373544,0,.35964283,0,2031,0,1,0
8,2,,33,,Willing to wait at least once,1,.49000284,.22771102,.71846193,0,2032,0,0,0
7,2,,29,,Never willing to wait,0,.076627567,.7152276,.71846193,0,2034,0,0,1
9,3,,39,,Willing to wait at least once,1,.14779887,.39349177,.6600998,0,2035,0,1,0
6,2,,38,,Willing to wait at least once,1,.24640203,0,.73335016,1,2036,0,0,0
5,2,,27,,Willing to wait at least once,1,.34913072,.077292271,.50030637,0,2038,0,0,0
4,3,,45,,Willing to wait at least once,1,.40377998,0,.9099077,0,2040,0,0,0
8,2,,35,,Willing to wait at least once,1,.14779887,.25077447,.89744425,0,2041,0,0,0
3,2,,27,,Willing to wait at least once,1,0,.33774942,.35964283,0,2043,1,1,0
9,2,,36,,Never willing to wait,0,.41761324,.82668352,1.0180739,0,2073,0,0,0
6,2,,37,,Willing to wait at least once,0,.14779887,.67513299,.71846193,0,2074,0,0,0
9,3,,49,,Willing to wait at least once,0,.43129668,1.4384868,.89744425,1,2075,1,0,1
3,1,,33,,Willing to wait at least once,1,.52900833,.21597672,.35964283,0,2076,0,0,0
6,2,,30,,Willing to wait at least once,0,.22996409,.95826024,.89744425,0,2079,1,0,1
9,3,,31,,Never willing to wait,0,0,.53148574,.60697192,0,2080,1,0,1
10,2,,30,,Willing to wait at least once,0,.98280263,.50531751,1.2693441,0,2081,1,0,1
3,1,,76,,Never willing to wait,0,.2913214,0,.48147386,0,2082,0,0,0
6,2,,30,,Willing to wait at least once,1,.40377998,0,.71846193,0,2086,0,0,0
5,2,,32,,Never willing to wait,1,0,0,.60697192,0,2087,0,0,0
5,1,,32,,Willing to wait at least once,0,.21423963,0,.60697192,0,2089,0,0,1
6,2,,30,,Willing to wait at least once,1,0,.92366683,.35964283,0,2090,0,0,0
7,2,,32,,Willing to wait at least once,1,.14779887,.544195,.71846193,0,2091,0,0,0
9,2,,37,,Willing to wait at least once,0,.66071069,0,1.0599209,0,2094,0,0,1
5,2,,28,,Willing to wait at least once,1,.52900833,.96884525,1.1439488,1,2095,0,0,1
3,2,,27,,Willing to wait at least once,1,1.2071587,.67150503,.35964283,0,2098,0,1,0
9,4,,45,,Willing to wait at least once,1,.75893569,1.0286083,1.2873062,0,2100,0,0,1
6,2,,32,,Willing to wait at least once,0,0,.75042343,.60697192,1,2102,0,0,0
8,2,,30,,Willing to wait at least once,0,.076627567,.9555282,.60697192,1,2103,0,0,0
6,1,,44,,Willing to wait at least once,1,.37817082,.32210302,.55208504,0,2104,0,0,1
10,2,,56,,Willing to wait at least once,0,1.8877856,1.7502748,1.8877029,1,2107,0,0,0
8,1,,49,,Willing to wait at least once,1,0,2.4842055,1.5600322,1,2108,0,0,1
7,2,,62,,,,0,1.2269279,.77458346,,2110,0,0,0
5,2,,28,,,,.71643418,.27871555,1.3466537,,2111,0,0,0
9,4,,39,,,,.87356776,1.8321525,1.3413627,,2112,0,0,0
6,2,,28,,Willing to wait at least once,0,0,.52283883,.48147386,0,2113,0,0,0
6,1,,30,,Willing to wait at least once,0,.72090924,0,1.0492029,0,2117,0,0,0
3,1,,31,,Willing to wait at least once,0,.076627567,.27871555,.19590285,0,2118,0,0,0
8,2,,35,,,,.30845001,1.6781175,.86035222,,2123,0,0,0
6,2,,32,,Willing to wait at least once,1,.56528246,0,0,0,2125,0,0,0
5,2,,36,,Never willing to wait,1,.36373544,.44629022,.48147386,1,2127,0,0,1
6,2,,29,,Willing to wait at least once,0,.21423963,.85822505,.81875926,1,2128,0,0,0
6,2,,32,,Never willing to wait,1,.14779887,.33774942,.80509818,1,2129,0,0,0
5,2,,28,,Willing to wait at least once,0,0,0,.62360156,1,2132,0,0,0
11,3,,46,,Willing to wait at least once,0,.69061834,1.4660126,1.2628176,1,2133,0,0,0
7,2,,28,,Never willing to wait,1,.14779887,.76746935,1.3129706,0,2134,0,0,1
5,2,,29,,Willing to wait at least once,0,.14779887,0,.35964283,0,2135,0,0,1
4,2,,46,,Willing to wait at least once,1,.14779887,.68993801,1.3129706,1,2136,0,0,0
10,2,,37,,Never willing to wait,0,.40377998,0,.66435027,0,2137,0,0,0
7,2,,29,,Never willing to wait,0,.41680697,0,.64558762,0,2140,0,0,0
5,1,,29,,Never willing to wait,0,0,0,.19590285,0,2141,0,0,0
6,3,,28,,Willing to wait at least once,0,.40377998,1.2206515,1.2704141,1,2143,0,0,0
7,2,,42,,Never willing to wait,1,.27653977,.47402778,1.2617395,0,2144,0,0,1
5,2,,37,,Willing to wait at least once,0,.30678859,0,.50030637,0,2146,0,0,0
6,2,,44,,Never willing to wait,0,0,0,.60697192,0,2147,0,0,0
3,2,,28,,Willing to wait at least once,1,.37101221,0,.35964283,0,2148,0,0,1
6,2,,28,,Willing to wait at least once,0,.31449023,.27871555,.60697192,0,2149,0,0,0
6,2,,30,,Willing to wait at least once,0,.076627567,0,.60697192,0,2150,0,0,1
8,4,,37,,Willing to wait at least once,1,.14779887,1.1089357,1.0705252,1,2152,0,0,1
5,2,,29,,Never willing to wait,0,.46797001,0,.50030637,0,2153,0,0,0
5,2,,26,,Never willing to wait,0,.36373544,.95826024,1.0492029,1,2154,0,0,1
5,3,,31,,Willing to wait at least once,1,.48094887,.52283883,.71846193,0,2178,0,0,0
7,2,,31,,Willing to wait at least once,1,.89139712,.62958044,.35964283,0,2179,0,0,0
8,2,,29,,Never willing to wait,1,.076627567,0,.35964283,0,2214,0,0,0
8,3,,34,,,,.48094887,.49644032,1.2158439,,2215,0,0,1
8,2,,30,,Willing to wait at least once,1,.75030947,0,.62360156,0,2216,0,0,0
4,2,,26,,Willing to wait at least once,0,.49000284,2.1292596,1.1309961,1,2217,0,0,0
5,2,,27,,Willing to wait at least once,0,.48094887,1.1089526,.62646616,0,2218,0,0,0
5,1,0,20,,Never willing to wait,1,.076627567,0,.35964283,0,2221,0,0,0
4,1,,29,,Never willing to wait,1,0,0,.19590285,0,2224,0,0,0
3,1,,29,,Willing to wait at least once,1,0,0,.35964283,0,2225,0,0,0
6,2,,31,,Willing to wait at least once,1,.34913072,.67150503,.99202603,1,2226,0,0,0
8,5,,46,,Never willing to wait,1,.9852308,1.8042095,1.2078197,1,2227,0,0,1
2,1,,27,,Never willing to wait,0,0,.5897727,.80509818,0,2228,0,0,0
3,2,,40,,Willing to wait at least once,1,.34913072,.77424616,.60697192,1,2229,0,0,1
5,2,,42,,Willing to wait at least once,1,0,0,.51133782,0,2232,0,0,0
6,2,,41,,Willing to wait at least once,0,.14779887,.79430532,.71846193,1,2233,0,0,0
7,4,,47,,Willing to wait at least once,0,.34913072,.090760484,.89744425,0,2234,0,0,0
6,2,,29,,,,0,1.3126093,.19590285,,2235,0,0,0
6,1,,33,,Willing to wait at least once,0,.076627567,.33774942,.19590285,0,2236,0,0,0
7,2,,53,,,,.076627567,.39349177,.60697192,,2237,0,0,1
5,2,,27,,Willing to wait at least once,0,.076627567,.44629022,.60697192,0,2238,0,0,0
6,2,,29,,Willing to wait at least once,1,0,0,.92221779,0,2240,0,0,0
5,2,,28,,Willing to wait at least once,0,.60953987,1.5122849,.71846193,0,2325,0,0,1
5,2,,37,,Never willing to wait,0,.076627567,.544195,.60697192,0,2328,0,0,0
7,3,,50,,Never willing to wait,0,.76076722,2.4766979,1.3212138,0,2332,0,1,0
6,2,,37,,Willing to wait at least once,0,.21423963,.33774942,.50030637,0,2333,0,0,0
3,2,1,24,,Willing to wait at least once,1,.95654321,.22771102,.83057737,0,2334,1,0,1
8,2,,33,,Willing to wait at least once,1,.68671119,.21597672,.89744425,0,2336,0,0,0
9,3,,46,,Willing to wait at least once,0,.2913214,0,.60697192,0,2343,0,0,0
8,2,,41,,Never willing to wait,0,.21423963,.67513299,.81875926,0,2345,0,0,0
7,2,,37,,Willing to wait at least once,0,.14779887,.21597672,.50030637,0,2346,0,0,1
6,2,,30,,Willing to wait at least once,1,.14779887,.14903679,.60697192,1,2348,0,0,0
7,2,,43,,Willing to wait at least once,1,.72600597,.33774942,.89744425,0,2351,0,0,1
3,1,,32,,Willing to wait at least once,1,0,.14903679,0,0,2352,1,0,1
8,3,,33,,,,1.1064342,,.73335016,,2381,0,0,0
12,7,,35,,Never willing to wait,1,1.4024518,.95826024,1.2291789,1,2385,0,0,0
6,3,,26,,,,1.165715,,1.1985822,,2388,0,0,0
7,2,,34,,Willing to wait at least once,0,.14779887,1.0022292,1.0692182,0,2389,0,0,0
7,2,,37,,Never willing to wait,1,.21423963,0,.60697192,0,2395,0,0,0
8,1,,47,,Never willing to wait,0,.076627567,0,.35964283,0,2397,0,0,0
8,3,,37,,Willing to wait at least once,0,0,.62174463,1.0692182,0,2398,0,0,0
5,2,,28,,Willing to wait at least once,0,.076627567,.7152276,.19590285,0,2399,0,0,0
6,3,,29,,,,.48094887,.92993116,.74209827,,2403,0,0,0
13,2,,50,,Willing to wait at least once,1,2.3736944,1.6074926,2.2593958,1,2404,1,1,1
8,2,,49,,,,.48094887,,1.010056,,2405,0,0,0
8,2,,37,,Willing to wait at least once,1,.076627567,0,.35964283,0,2406,0,0,0
5,2,,30,,Never willing to wait,1,.076627567,0,.35964283,0,2407,0,0,0
7,2,,41,,Willing to wait at least once,0,.076627567,.39349177,.71846193,0,2408,0,0,0
7,2,,27,,Willing to wait at least once,0,.076627567,.67896187,.60697192,1,2409,0,0,0
6,2,,29,,Willing to wait at least once,1,.4399831,0,0,0,2411,0,0,0
6,1,,51,,Willing to wait at least once,1,.75996518,1.4793521,1.2093396,1,2413,0,0,0
5,1,,59,,,,.076627567,,.19590285,,2415,0,0,1
6,2,,27,,Willing to wait at least once,0,.922126,0,.80509818,0,2418,0,0,0
5,2,,34,,Willing to wait at least once,0,.076627567,.98861688,.60697192,0,2419,0,0,0
7,2,,32,,Willing to wait at least once,0,.93041044,1.7615529,.89744425,0,2420,0,0,0
3,1,,49,,Willing to wait at least once,0,0,.75377643,.19590285,0,2421,0,0,0
1,1,,34,,Willing to wait at least once,1,.076627567,0,0,1,2422,0,0,1
5,2,,31,,Willing to wait at least once,0,.80433834,0,.80509818,0,2423,0,0,0
4,2,,33,,,,.97916949,.97273815,1.4068446,,2425,0,0,0
10,5,,46,,Willing to wait at least once,1,1.2882553,2.2502725,2.0131981,0,2426,1,0,1
8,4,,32,,,,.48094887,1.4420565,1.1030962,,2427,0,0,1
8,2,,35,,Willing to wait at least once,0,.076627567,.75042343,1.0692182,0,2429,0,0,0
9,1,,43,,Willing to wait at least once,0,.40377998,1.0544565,.98197877,1,2430,0,0,0
7,2,,40,,,,.30678859,1.115577,.35964283,,2431,0,0,0
6,3,,29,,,,.69863695,1.0146329,.62155741,,2433,0,0,0
5,1,,62,,Never willing to wait,1,.34913072,0,.60697192,0,2434,0,0,0
7,2,,43,,Willing to wait at least once,0,.84779441,0,.97038692,1,2435,0,0,0
8,2,,43,,Willing to wait at least once,1,.48094887,0,0,0,2436,0,0,0
5,2,,31,,Willing to wait at least once,1,.2913214,.25077447,1.0836654,0,2465,0,0,0
5,2,,25,,Willing to wait at least once,1,.2913214,.66030329,.60697192,1,2466,0,0,0
6,3,,29,,,,.97916949,1.3516945,1.233675,,2475,0,0,0
6,2,,34,,Never willing to wait,0,.68140966,1.2811419,.80509818,0,2477,0,0,0
11,3,,35,,,,.30678859,.39349177,.35964283,,2480,0,0,0
7,2,,45,,Willing to wait at least once,0,.076627567,1.1491264,.99202603,1,2481,0,0,0
2,1,,32,,Willing to wait at least once,0,.076627567,.27871555,.19590285,0,2484,0,0,0
7,2,,28,,Willing to wait at least once,1,0,0,.19590285,0,2485,0,0,0
8,2,,30,,Willing to wait at least once,0,.48094887,0,.80509818,1,2487,0,0,0
7,2,,35,,Willing to wait at least once,1,1.190299,.17396457,.66950977,1,2488,0,0,1
6,2,,30,,Willing to wait at least once,0,.75833464,0,0,0,2489,0,0,1
8,3,,48,,Willing to wait at least once,0,.77771616,2.5157149,.60697192,0,2490,0,0,0
